{
  "dataset": {
    "file": "data/tsar2024/tsar2024_test.csv",
    "n_rows": 117,
    "n_unique_ids": 117,
    "seed": 42
  },
  "length_complex": {
    "words": {
      "n": 117,
      "mean": 332.1880341880342,
      "std": 126.6583737803722,
      "median": 319.0,
      "p25": 228.0,
      "p75": 423.0,
      "min": 149.0,
      "max": 646.0
    },
    "sents": {
      "n": 117,
      "mean": 12.931623931623932,
      "std": 4.875566272551635,
      "median": 12.0,
      "p25": 10.0,
      "p75": 15.0,
      "min": 5.0,
      "max": 27.0
    }
  },
  "length_simple": {
    "words": {
      "n": 117,
      "mean": 191.36752136752136,
      "std": 83.86797900010492,
      "median": 178.0,
      "p25": 125.0,
      "p75": 249.0,
      "min": 58.0,
      "max": 503.0
    },
    "sents": {
      "n": 117,
      "mean": 8.692307692307692,
      "std": 3.556105818752369,
      "median": 8.0,
      "p25": 6.0,
      "p75": 10.0,
      "min": 4.0,
      "max": 19.0
    }
  },
  "ratios": {
    "word_ratio_s_over_c": {
      "n": 117,
      "mean": 0.5846390825114133,
      "std": 0.16412849216651176,
      "median": 0.5771428571428572,
      "p25": 0.4681647940074906,
      "p75": 0.6853932584269663,
      "min": 0.20714285714285716,
      "max": 1.0
    },
    "sent_ratio_s_over_c": {
      "n": 117,
      "mean": 0.6756195034694745,
      "std": 0.12902166324350442,
      "median": 0.6666666666666666,
      "p25": 0.5833333333333334,
      "p75": 0.75,
      "min": 0.5,
      "max": 1.0
    },
    "jaccard_lex": {
      "n": 117,
      "mean": 0.40079931586432277,
      "std": 0.12485279582254785,
      "median": 0.3881856540084388,
      "p25": 0.3148148148148148,
      "p75": 0.47435897435897434,
      "min": 0.17777777777777778,
      "max": 1.0
    }
  },
  "readability": {
    "c_fkgl": {
      "n": 117,
      "mean": 11.933837558933188,
      "std": 3.003878394005833,
      "median": 11.424444444444447,
      "p25": 9.658932461873643,
      "p75": 14.486250000000002,
      "min": 4.691548950854344,
      "max": 18.877126436781612
    },
    "s_fkgl": {
      "n": 117,
      "mean": 13.695687971000686,
      "std": 2.2833533973373012,
      "median": 13.390476190476189,
      "p25": 12.201335877862597,
      "p75": 15.334117647058822,
      "min": 8.206451612903226,
      "max": 19.070549450549453
    },
    "delta_fkgl": {
      "n": 117,
      "mean": 1.7618504120674991,
      "std": 3.212911763217346,
      "median": 1.5159654942214225,
      "p25": -0.19266666666666765,
      "p75": 3.1811135589370885,
      "min": -5.041639133524921,
      "max": 10.77022049970222
    },
    "c_fre": {
      "n": 117,
      "mean": 37.58909009463739,
      "std": 13.028518054961392,
      "median": 38.816336405529995,
      "p25": 28.503723705501642,
      "p75": 47.18855614973265,
      "min": 4.081444444444486,
      "max": 72.81893638336952
    },
    "s_fre": {
      "n": 117,
      "mean": 33.78763811435906,
      "std": 11.951328256123084,
      "median": 34.01372093023258,
      "p25": 26.573397129186617,
      "p75": 42.77763823726545,
      "min": 6.230570175438629,
      "max": 63.46049698795183
    },
    "delta_fre": {
      "n": 117,
      "mean": -3.8014519802783413,
      "std": 13.745727990149396,
      "median": -2.188271193056096,
      "p25": -10.315185895980022,
      "p75": 4.105251876629524,
      "min": -50.46942982456139,
      "max": 27.100211286089234
    }
  },
  "overlap_semantics": {
    "rougeL_f1": {
      "n": 117,
      "mean": 0.4050821472918337,
      "std": 0.14498286680826467,
      "median": 0.38953488372093026,
      "p25": 0.30796460176991153,
      "p75": 0.4715447154471545,
      "min": 0.1906779661016949,
      "max": 1.0
    },
    "bertscore_f1": {
      "n": 117,
      "mean": 0.8931084275245667,
      "std": 0.02666288986802101,
      "median": 0.8930884599685669,
      "p25": 0.8767405152320862,
      "p75": 0.9065138101577759,
      "min": 0.832832396030426,
      "max": 0.9996621608734131
    }
  },
  "environment": {
    "python": "3.12.12",
    "platform": "Linux-6.6.113+-x86_64-with-glibc2.35",
    "spacy": "3.8.11",
    "pandas": "2.2.2",
    "numpy": "2.0.2"
  }
}