{
  "dataset": {
    "file": "data/plaba/plaba_test.csv",
    "n_rows": 148,
    "n_unique_ids": 110,
    "seed": 42
  },
  "length_complex": {
    "words": {
      "n": 148,
      "mean": 217.45945945945945,
      "std": 69.44310825459621,
      "median": 208.0,
      "p25": 173.75,
      "p75": 263.25,
      "min": 53.0,
      "max": 379.0
    },
    "sents": {
      "n": 148,
      "mean": 9.31081081081081,
      "std": 2.9962592354702613,
      "median": 9.0,
      "p25": 8.0,
      "p75": 11.0,
      "min": 1.0,
      "max": 17.0
    }
  },
  "length_simple": {
    "words": {
      "n": 148,
      "mean": 231.51351351351352,
      "std": 79.94568619577132,
      "median": 227.0,
      "p25": 176.0,
      "p75": 277.0,
      "min": 41.0,
      "max": 471.0
    },
    "sents": {
      "n": 148,
      "mean": 10.35135135135135,
      "std": 3.25944961103388,
      "median": 10.0,
      "p25": 8.0,
      "p75": 12.0,
      "min": 1.0,
      "max": 19.0
    }
  },
  "ratios": {
    "word_ratio_s_over_c": {
      "n": 148,
      "mean": 1.082753422940168,
      "std": 0.22394380938867686,
      "median": 1.0425161909330773,
      "p25": 0.936330608537693,
      "p75": 1.227841954610509,
      "min": 0.5572139303482587,
      "max": 1.900662251655629
    },
    "sent_ratio_s_over_c": {
      "n": 148,
      "mean": 1.1371310586384116,
      "std": 0.20951406815469742,
      "median": 1.0954545454545455,
      "p25": 1.0,
      "p75": 1.25,
      "min": 0.6923076923076923,
      "max": 2.0
    },
    "jaccard_lex": {
      "n": 148,
      "mean": 0.4270229741474655,
      "std": 0.12445462878335409,
      "median": 0.40190700104493204,
      "p25": 0.3419903315490269,
      "p75": 0.4907465675057208,
      "min": 0.1590909090909091,
      "max": 0.8181818181818182
    }
  },
  "readability": {
    "c_fkgl": {
      "n": 148,
      "mean": 14.750232367754448,
      "std": 3.1392907579204783,
      "median": 15.17064020486556,
      "p25": 12.578329374949854,
      "p75": 16.740929539418083,
      "min": 8.360292623450519,
      "max": 23.757857142857144
    },
    "s_fkgl": {
      "n": 148,
      "mean": 12.778965267666925,
      "std": 2.9150061684133344,
      "median": 12.867281402125762,
      "p25": 11.002324879227054,
      "p75": 14.658949275362321,
      "min": 6.4913658536585395,
      "max": 21.207857142857147
    },
    "delta_fkgl": {
      "n": 148,
      "mean": -1.9712671000875224,
      "std": 2.793706690101497,
      "median": -2.1098644819469854,
      "p25": -3.8317939505332,
      "p75": -0.13335687466008306,
      "min": -9.003504629629624,
      "max": 6.293407407407408
    },
    "c_fre": {
      "n": 148,
      "mean": 26.34712113703732,
      "std": 14.835278083665548,
      "median": 27.49901600489588,
      "p25": 15.546506186548235,
      "p75": 35.996746299526976,
      "min": -8.183155487804868,
      "max": 59.40280837228207
    },
    "s_fre": {
      "n": 148,
      "mean": 41.72900519272055,
      "std": 14.128616492359475,
      "median": 39.87346935679615,
      "p25": 32.07843302191157,
      "p75": 50.11775786713288,
      "min": 8.766428571428577,
      "max": 78.31882758620691
    },
    "delta_fre": {
      "n": 148,
      "mean": 15.381884055683233,
      "std": 13.756593608275784,
      "median": 14.630718349988499,
      "p25": 6.764118230359195,
      "p75": 24.72988961765028,
      "min": -20.479787101265515,
      "max": 50.83495218636783
    }
  },
  "overlap_semantics": {
    "rougeL_f1": {
      "n": 148,
      "mean": 0.5447140381214748,
      "std": 0.1392148918011672,
      "median": 0.5361687374674388,
      "p25": 0.4555978851049437,
      "p75": 0.6428411319697394,
      "min": 0.23291139240506328,
      "max": 0.8757396449704142
    },
    "bertscore_f1": {
      "n": 148,
      "mean": 0.9096306562423706,
      "std": 0.021907860413193703,
      "median": 0.9070658087730408,
      "p25": 0.8943710327148438,
      "p75": 0.9248246550559998,
      "min": 0.8497375249862671,
      "max": 0.9704914093017578
    }
  },
  "environment": {
    "python": "3.12.12",
    "platform": "Linux-6.6.113+-x86_64-with-glibc2.35",
    "spacy": "3.8.11",
    "pandas": "2.2.2",
    "numpy": "2.0.2"
  }
}