{
  "dataset": {
    "file": "data/cochrane/cochrane_test.csv",
    "n_rows": 125,
    "n_unique_ids": 125,
    "seed": 42
  },
  "length_complex": {
    "words": {
      "n": 125,
      "mean": 356.672,
      "std": 141.705554333739,
      "median": 354.0,
      "p25": 242.0,
      "p75": 447.0,
      "min": 137.0,
      "max": 764.0
    },
    "sents": {
      "n": 125,
      "mean": 14.232,
      "std": 5.132338962481576,
      "median": 13.0,
      "p25": 11.0,
      "p75": 17.0,
      "min": 5.0,
      "max": 30.0
    }
  },
  "length_simple": {
    "words": {
      "n": 125,
      "mean": 223.6,
      "std": 110.67658492930157,
      "median": 211.0,
      "p25": 146.0,
      "p75": 273.0,
      "min": 44.0,
      "max": 574.0
    },
    "sents": {
      "n": 125,
      "mean": 10.44,
      "std": 4.950399136726576,
      "median": 10.0,
      "p25": 7.0,
      "p75": 13.0,
      "min": 2.0,
      "max": 27.0
    }
  },
  "ratios": {
    "word_ratio_s_over_c": {
      "n": 125,
      "mean": 0.6445274802696054,
      "std": 0.23528686603295346,
      "median": 0.6557377049180327,
      "p25": 0.48427672955974843,
      "p75": 0.7757575757575758,
      "min": 0.24043715846994534,
      "max": 1.3973509933774835
    },
    "sent_ratio_s_over_c": {
      "n": 125,
      "mean": 0.7494306849071285,
      "std": 0.3009116358753947,
      "median": 0.6842105263157895,
      "p25": 0.5714285714285714,
      "p75": 0.8947368421052632,
      "min": 0.2727272727272727,
      "max": 2.1666666666666665
    },
    "jaccard_lex": {
      "n": 125,
      "mean": 0.3144217215375434,
      "std": 0.09903695770776037,
      "median": 0.2903225806451613,
      "p25": 0.24161073825503357,
      "p75": 0.36482084690553745,
      "min": 0.11173184357541899,
      "max": 0.5978835978835979
    }
  },
  "readability": {
    "c_fkgl": {
      "n": 125,
      "mean": 11.328898708295279,
      "std": 2.373313844369168,
      "median": 11.098549369290996,
      "p25": 9.45633149171271,
      "p75": 13.313499548736463,
      "min": 4.868872554831061,
      "max": 16.31202298850575
    },
    "s_fkgl": {
      "n": 125,
      "mean": 13.479795667287998,
      "std": 2.1065428969388433,
      "median": 13.187773972602741,
      "p25": 12.223448275862069,
      "p75": 14.957252525252528,
      "min": 7.491468502294534,
      "max": 18.796587301587298
    },
    "delta_fkgl": {
      "n": 125,
      "mean": 2.150896958992722,
      "std": 3.1381898741992256,
      "median": 2.079464765276299,
      "p25": -0.032371038200572855,
      "p75": 4.054110911987255,
      "min": -3.667353951890032,
      "max": 13.819728074099757
    },
    "c_fre": {
      "n": 125,
      "mean": 40.14326056673928,
      "std": 11.052538698657628,
      "median": 41.334476372924655,
      "p25": 32.4834975165563,
      "p75": 47.51240906319856,
      "min": 13.918955027873068,
      "max": 72.4194439834025
    },
    "s_fre": {
      "n": 125,
      "mean": 35.89735056503661,
      "std": 10.822425735825735,
      "median": 35.767218771566604,
      "p25": 29.41039325842698,
      "p75": 43.13728947368426,
      "min": 12.077494331065765,
      "max": 70.8979411764706
    },
    "delta_fre": {
      "n": 125,
      "mean": -4.2459100017026685,
      "std": 14.063700399811971,
      "median": -4.897092367092341,
      "p25": -14.470378674219234,
      "p75": 6.083131793478259,
      "min": -40.54578832302512,
      "max": 27.407272846881455
    }
  },
  "overlap_semantics": {
    "rougeL_f1": {
      "n": 125,
      "mean": 0.2723071028416498,
      "std": 0.10791643673566112,
      "median": 0.2419512195121951,
      "p25": 0.19411764705882353,
      "p75": 0.32142857142857145,
      "min": 0.09797297297297296,
      "max": 0.646288209606987
    },
    "bertscore_f1": {
      "n": 125,
      "mean": 0.874233603477478,
      "std": 0.021518563851714134,
      "median": 0.8719108700752258,
      "p25": 0.8584341406822205,
      "p75": 0.8877177834510803,
      "min": 0.8307863473892212,
      "max": 0.9334055185317993
    }
  },
  "environment": {
    "python": "3.12.12",
    "platform": "Linux-6.6.113+-x86_64-with-glibc2.35",
    "spacy": "3.8.11",
    "pandas": "2.2.2",
    "numpy": "2.0.2"
  }
}