{
  "dataset": {
    "file": "data/tsar2025/tsar2025_test.csv",
    "n_rows": 200,
    "n_unique_ids": 200,
    "seed": 42
  },
  "length_complex": {
    "words": {
      "n": 200,
      "mean": 89.06,
      "std": 23.743952417024204,
      "median": 87.5,
      "p25": 70.75,
      "p75": 102.25,
      "min": 47.0,
      "max": 156.0
    },
    "sents": {
      "n": 200,
      "mean": 4.6,
      "std": 1.533544519722153,
      "median": 4.0,
      "p25": 3.0,
      "p75": 6.0,
      "min": 1.0,
      "max": 9.0
    }
  },
  "length_simple": {
    "words": {
      "n": 200,
      "mean": 77.08,
      "std": 19.323576351573106,
      "median": 76.0,
      "p25": 64.0,
      "p75": 90.0,
      "min": 37.0,
      "max": 123.0
    },
    "sents": {
      "n": 200,
      "mean": 5.425,
      "std": 1.495176499219773,
      "median": 5.0,
      "p25": 4.0,
      "p75": 6.0,
      "min": 2.0,
      "max": 11.0
    }
  },
  "ratios": {
    "word_ratio_s_over_c": {
      "n": 200,
      "mean": 0.874032228128476,
      "std": 0.10420701843902007,
      "median": 0.8813348001466814,
      "p25": 0.7950869236583522,
      "p75": 0.9407396622015143,
      "min": 0.5842696629213483,
      "max": 1.2777777777777777
    },
    "sent_ratio_s_over_c": {
      "n": 200,
      "mean": 1.2456646825396824,
      "std": 0.40924227243544553,
      "median": 1.2,
      "p25": 1.0,
      "p75": 1.3333333333333333,
      "min": 0.6666666666666666,
      "max": 5.0
    },
    "jaccard_lex": {
      "n": 200,
      "mean": 0.43964568831175255,
      "std": 0.11370060144604381,
      "median": 0.4438717067583047,
      "p25": 0.3665841584158416,
      "p75": 0.5193236714975845,
      "min": 0.12280701754385964,
      "max": 0.7192982456140351
    }
  },
  "readability": {
    "c_fkgl": {
      "n": 200,
      "mean": 10.165321185803242,
      "std": 3.521938396832709,
      "median": 9.61138716356108,
      "p25": 8.213675373134329,
      "p75": 11.100535112359553,
      "min": 4.91076923076923,
      "max": 34.36719101123596
    },
    "s_fkgl": {
      "n": 200,
      "mean": 6.689392736811113,
      "std": 2.004004802478988,
      "median": 6.5789384319384325,
      "p25": 5.205829274891778,
      "p75": 8.043818953568957,
      "min": 2.1208709677419364,
      "max": 13.73714285714286
    },
    "delta_fkgl": {
      "n": 200,
      "mean": -3.47592844899213,
      "std": 3.4437622903862963,
      "median": -2.897979687350775,
      "p25": -4.82853756927766,
      "p75": -1.4818555720899464,
      "min": -30.86373646578141,
      "max": 1.2616594516594546
    },
    "c_fre": {
      "n": 200,
      "mean": 58.395505834551926,
      "std": 13.382587367467757,
      "median": 61.155602262366095,
      "p25": 51.580220238095244,
      "p75": 67.3493752041233,
      "min": 7.185393258426984,
      "max": 85.47148129921261
    },
    "s_fre": {
      "n": 200,
      "mean": 72.86787066060553,
      "std": 10.70942961270888,
      "median": 73.15144144144145,
      "p25": 66.64668203292626,
      "p75": 79.87424084595962,
      "min": 34.98750000000001,
      "max": 96.4213064516129
    },
    "delta_fre": {
      "n": 200,
      "mean": 14.47236482605361,
      "std": 12.737682397161555,
      "median": 13.136207730270762,
      "p25": 5.4877661290322415,
      "p75": 20.734925288937784,
      "min": -10.826558441558461,
      "max": 86.26978855975484
    }
  },
  "overlap_semantics": {
    "rougeL_f1": {
      "n": 200,
      "mean": 0.5354539572753648,
      "std": 0.12065642881669622,
      "median": 0.5419176706827309,
      "p25": 0.4522054229663876,
      "p75": 0.6245736560012993,
      "min": 0.17808219178082194,
      "max": 0.8201438848920864
    },
    "bertscore_f1": {
      "n": 200,
      "mean": 0.9408147931098938,
      "std": 0.017067132517695427,
      "median": 0.9422149658203125,
      "p25": 0.9288581609725952,
      "p75": 0.952555775642395,
      "min": 0.8950457572937012,
      "max": 0.9792771935462952
    }
  },
  "environment": {
    "python": "3.12.12",
    "platform": "Linux-6.6.113+-x86_64-with-glibc2.35",
    "spacy": "3.8.11",
    "pandas": "2.2.2",
    "numpy": "2.0.2"
  }
}